{"1": "Flags", "2": "Incomplete List of 16-bit Service Class UUIDs", "3": "Complete List of 16-bit Service Class UUIDs", "4": "Incomplete List of 32-bit Service Class UUIDs", "5": "Complete List of 32-bit Service Class UUIDs", "6": "Incomplete List of 128-bit Service Class UUIDs", "7": "Complete List of 128-bit Service Class UUIDs", "8": "Shortened Local Name", "9": "Complete Local Name", "10": "Tx Power Level", "13": "Class of Device", "14": "Simple Pairing Hash C-192", "15": "Simple Pairing Randomizer R-192", "16": "Security Manager TK Value", "17": "Security Manager Out of Band Flags", "18": "Slave Connection Interval Range", "20": "List of 16-bit Service Solicitation UUIDs", "21": "List of 128-bit Service Solicitation UUIDs", "22": "Service Data - 16-bit UUID", "23": "Public Target Address", "24": "Random Target Address", "25": "Appearance", "26": "Advertising Interval", "27": "LE Bluetooth Device Address", "28": "LE Role", "29": "Simple Pairing Hash C-256", "30": "Simple Pairing Randomizer R-256", "31": "List of 32-bit Service Solicitation UUIDs", "32": "Service Data - 32-bit UUID", "33": "Service Data - 128-bit UUID", "34": "LE Secure Connections Confirmation Value", "35": "LE Secure Connections Random&yuml;Value", "36": "URI", "37": "Indoor Positioning", "38": "Transport Discovery Data", "39": "LE Supported Features", "40": "Channel Map Update Indication", "61": "3D Information Data", "255": "Manufacturer Specific Data"}
