{"6144": "Generic Access", "6145": "Generic Attribute", "6146": "Immediate Alert", "6147": "Link Loss", "6148": "Tx Power", "6149": "Current Time Service", "6150": "Reference Time Update Service", "6151": "Next DST Change Service", "6152": "Glucose", "6153": "Health Thermometer", "6154": "Device Information", "6157": "Heart Rate", "6158": "Phone Alert Status Service", "6159": "Battery Service", "6160": "Blood Pressure", "6161": "Alert Notification Service", "6162": "Human Interface Device", "6163": "Scan Parameters", "6164": "Running Speed and Cadence", "6165": "Automation IO", "6166": "Cycling Speed and Cadence", "6168": "Cycling Power", "6169": "Location and Navigation", "6170": "Environmental Sensing", "6171": "Body Composition", "6172": "User Data", "6173": "Weight Scale", "6174": "Bond Management", "6175": "Continuous Glucose Monitoring", "6176": "Internet Protocol Support", "6177": "Indoor Positioning", "6178": "Pulse Oximeter", "6179": "HTTP Proxy", "6180": "Transport Discovery", "6181": "Object Transfer", "65079": "Spaceek LTD", "65080": "Spaceek LTD", "65081": "TTS Tooltechnic Systems AG &amp; Co. KG", "65082": "TTS Tooltechnic Systems AG &amp; Co. KG", "65083": "Dolby Laboratories", "65084": "Alibaba", "65085": "BD Medical", "65086": "BD Medical", "65087": "Friday Labs Limited", "65088": "Inugo Systems Limited", "65089": "Inugo Systems Limited", "65090": "Nets A/S ", "65091": "Andreas Stihl AG &amp; Co. KG", "65092": "SK Telecom ", "65093": "Snapchat Inc", "65094": "B&amp;O Play A/S ", "65095": "General Motors", "65096": "General Motors", "65097": "SenionLab AB", "65098": "OMRON HEALTHCARE Co., Ltd.", "65099": "Koninklijke Philips N.V.", "65100": "Volkswagen AG", "65101": "Casambi Technologies Oy", "65102": "NTT docomo", "65103": "Molekule, Inc.", "65104": "Google Inc.", "65105": "SRAM", "65106": "SetPoint Medical", "65107": "3M", "65108": "Motiv, Inc.", "65109": "Google Inc.", "65110": "Google Inc.", "65111": "Dotted Labs", "65112": "Nordic Semiconductor ASA", "65113": "Nordic Semiconductor ASA", "65114": "Chronologics Corporation", "65115": "GT-tronics HK Ltd", "65116": "million hunters GmbH", "65117": "Grundfos A/S", "65118": "Plastc Corporation", "65119": "Eyefi, Inc.", "65120": "Lierda Science &amp; Technology Group Co., Ltd.", "65121": "Logitech International SA", "65122": "Indagem Tech LLC", "65123": "Connected Yard, Inc.", "65124": "Siemens AG", "65125": "CHIPOLO d.o.o.", "65126": "Intel Corporation", "65127": "Lab Sensor Solutions", "65128": "Qualcomm Life Inc", "65129": "Qualcomm Life Inc", "65130": "Kontakt Micro-Location Sp. z o.o.", "65131": "TASER International, Inc.", "65132": "TASER International, Inc.", "65133": "The University of Tokyo", "65134": "The University of Tokyo", "65135": "LINE Corporation", "65136": "Beijing Jingdong Century Trading Co., Ltd.", "65137": "Plume Design Inc", "65138": "St. Jude Medical, Inc.", "65139": "St. Jude Medical, Inc.", "65140": "unwire", "65141": "TangoMe", "65142": "TangoMe", "65143": "Hewlett-Packard Company", "65144": "Hewlett-Packard Company", "65145": "Zebra Technologies", "65146": "Bragi GmbH", "65147": "Orion Labs, Inc.", "65148": "Telit Wireless Solutions (Formerly Stollmann E+V GmbH)", "65149": "Aterica Health Inc.", "65150": "Awear Solutions Ltd", "65151": "Doppler Lab", "65152": "Doppler Lab", "65153": "Medtronic Inc.", "65154": "Medtronic Inc.", "65155": "Blue Bite", "65156": "RF Digital Corp", "65157": "RF Digital Corp", "65158": "HUAWEI Technologies Co., Ltd. (  )", "65159": "Qingdao Yeelink Information Technology Co., Ltd. (  )", "65160": "SALTO SYSTEMS S.L.", "65161": "B&amp;O Play A/S", "65162": "Apple, Inc.", "65163": "Apple, Inc.", "65164": "TRON Forum", "65165": "Interaxon Inc.", "65166": "ARM Ltd", "65167": "CSR", "65168": "JUMA", "65169": "Shanghai Imilab Technology Co.,Ltd", "65170": "Jarden Safety &amp; Security", "65171": "OttoQ Inc.", "65172": "OttoQ Inc.", "65173": "Xiaomi Inc.", "65174": "Tesla Motor Inc.", "65175": "Tesla Motor Inc.", "65176": "Currant, Inc.", "65177": "Currant, Inc.", "65178": " Estimote", "65179": "Samsara Networks, Inc", "65180": "GSI Laboratories, Inc.", "65181": "Mobiquity Networks Inc", "65182": "Dialog Semiconductor B.V.", "65183": "Google", "65184": "Google", "65185": "Intrepid Control Systems, Inc.", "65186": "Intrepid Control Systems, Inc.", "65187": "ITT Industries", "65188": "Paxton Access Ltd", "65189": "GoPro, Inc.", "65190": "GoPro, Inc.", "65191": "UTC Fire and Security", "65192": "Savant Systems LLC", "65193": "Savant Systems LLC", "65194": "Google", "65195": "Nokia Corporation", "65196": "Nokia Corporation", "65197": "Nokia Corporation", "65198": "Nokia Corporation", "65199": "Nest Labs Inc.", "65200": "Nest Labs Inc.", "65201": "Electronics Tomorrow Limited", "65202": "Microsoft Corporation", "65203": "Taobao", "65204": "WiSilica Inc.", "65205": "WiSilica Inc.", "65206": "Vencer Co, Ltd", "65207": "Facebook, Inc.", "65208": "Facebook, Inc.", "65209": "LG Electronics", "65210": "Tencent Holdings Limited", "65211": "adafruit industries", "65212": "Dexcom, Inc. ", "65213": "Clover Network, Inc.", "65214": "Bose Corporation", "65215": "Nod, Inc.", "65216": "KDDI Corporation", "65217": "KDDI Corporation", "65218": "Blue Spark Technologies, Inc.", "65219": "360fly, Inc.", "65220": "PLUS Location Systems", "65221": "Realtek Semiconductor Corp.", "65222": "Kocomojo, LLC", "65223": "Apple, Inc.", "65224": "Apple, Inc.", "65225": "Apple, Inc.", "65226": "Apple, Inc.", "65227": "Apple, Inc.", "65228": "Apple, Inc.", "65229": "Apple, Inc.", "65230": "Apple, Inc.", "65231": "Apple, Inc.", "65232": "Apple, Inc.", "65233": "Apple, Inc.", "65234": "Apple, Inc.", "65235": "Apple, Inc.", "65236": "Apple, Inc.", "65237": "Plantronics Inc.", "65238": "Broadcom Corporation", "65239": "Broadcom Corporation", "65240": "Google", "65241": "Pebble Technology Corporation", "65242": "ISSC Technologies Corporation", "65243": "Perka, Inc.", "65244": "Jawbone", "65245": "Jawbone", "65246": "Coin, Inc.", "65247": "Design SHIFT", "65248": "Anhui Huami Information Technology Co.", "65249": "Anhui Huami Information Technology Co.", "65250": "Anki, Inc.", "65251": "Anki, Inc.", "65252": "Nordic Semiconductor ASA", "65253": "Nordic Semiconductor ASA", "65254": "Seed Labs, Inc.", "65255": "Tencent Holdings Limited", "65256": "Quintic Corp.", "65257": "Quintic Corp.", "65258": "Swirl Networks, Inc.", "65259": "Swirl Networks, Inc.", "65260": "Tile, Inc.", "65261": "Tile, Inc.", "65262": "Polar Electro Oy", "65263": "Polar Electro Oy", "65264": "Intel", "65265": "CSR", "65266": "CSR", "65267": "Google", "65268": "Google", "65269": "Dialog Semiconductor GmbH", "65270": "Wicentric, Inc.", "65271": "Aplix Corporation", "65272": "Aplix Corporation", "65273": "PayPal, Inc.", "65274": "PayPal, Inc.", "65275": "Telit Wireless Solutions (Formerly Stollmann E+V GmbH)", "65276": "Gimbal, Inc.", "65277": "Gimbal, Inc.", "65278": "GN ReSound A/S", "65279": "GN Netcom", "65533": "Fast IDentity Online Alliance", "65534": "Alliance for Wireless Power (A4WP)"}
